{
  "best_model": "Logistic Regression",
  "best_model_score": 0.8501095182970821,
  "models": [
    {
      "name": "Logistic Regression",
      "cv_mean": {
        "accuracy": 0.7516886498208828,
        "precision": 0.5207245477044917,
        "recall": 0.8053511705685619,
        "f1": 0.6324429182797999,
        "roc_auc": 0.8501095182970821
      },
      "cv_std": {
        "accuracy": 0.010282366999660598,
        "precision": 0.012678025948605131,
        "recall": 0.026112670630024242,
        "f1": 0.016631570424653453,
        "roc_auc": 0.011589959204647487
      },
      "test_metrics": {
        "accuracy": 0.7359829666430092,
        "precision": 0.5016778523489933,
        "recall": 0.7994652406417112,
        "f1": 0.6164948453608248,
        "roc_auc": 0.8475548322095636
      },
      "train_accuracy": 0.755591054313099,
      "test_accuracy": 0.7359829666430092,
      "training_time": 0.11355853080749512,
      "prediction_time": 0.007264614105224609
    },
    {
      "name": "Random Forest",
      "cv_mean": {
        "accuracy": 0.7788452658073037,
        "precision": 0.564960969687219,
        "recall": 0.7264214046822743,
        "f1": 0.63540611892752,
        "roc_auc": 0.8448810142776537
      },
      "cv_std": {
        "accuracy": 0.011238630977549985,
        "precision": 0.017743162848434326,
        "recall": 0.02703863937312072,
        "f1": 0.018517534933866153,
        "roc_auc": 0.011634104379188923
      },
      "test_metrics": {
        "accuracy": 0.7735982966643009,
        "precision": 0.5555555555555556,
        "recall": 0.7352941176470589,
        "f1": 0.6329113924050633,
        "roc_auc": 0.842962876850345
      },
      "train_accuracy": 0.8477103301384451,
      "test_accuracy": 0.7735982966643009,
      "training_time": 0.902482271194458,
      "prediction_time": 0.37668299674987793
    },
    {
      "name": "Gradient Boosting",
      "cv_mean": {
        "accuracy": 0.7941084411214481,
        "precision": 0.642245275904101,
        "recall": 0.5070234113712375,
        "f1": 0.5663882112502486,
        "roc_auc": 0.8395489345607977
      },
      "cv_std": {
        "accuracy": 0.010277876071094379,
        "precision": 0.026247288089320028,
        "recall": 0.025081382286625636,
        "f1": 0.022437342549270562,
        "roc_auc": 0.007868909458508256
      },
      "test_metrics": {
        "accuracy": 0.8026969481902059,
        "precision": 0.6589403973509934,
        "recall": 0.5320855614973262,
        "f1": 0.5887573964497042,
        "roc_auc": 0.8378813712573302
      },
      "train_accuracy": 0.8810791622293219,
      "test_accuracy": 0.8026969481902059,
      "training_time": 4.855885028839111,
      "prediction_time": 0.0476679801940918
    },
    {
      "name": "Decision Tree",
      "cv_mean": {
        "accuracy": 0.7193837361958452,
        "precision": 0.48122893053471544,
        "recall": 0.717056856187291,
        "f1": 0.5755475202688899,
        "roc_auc": 0.7603221451672134
      },
      "cv_std": {
        "accuracy": 0.011264612051289495,
        "precision": 0.013332397732516045,
        "recall": 0.027383932428707337,
        "f1": 0.011213264013356117,
        "roc_auc": 0.009875776610465488
      },
      "test_metrics": {
        "accuracy": 0.71611071682044,
        "precision": 0.47686832740213525,
        "recall": 0.7165775401069518,
        "f1": 0.5726495726495726,
        "roc_auc": 0.7540701128936422
      },
      "train_accuracy": 0.836528221512247,
      "test_accuracy": 0.71611071682044,
      "training_time": 0.22377705574035645,
      "prediction_time": 0.009523868560791016
    },
    {
      "name": "SVM (RBF)",
      "cv_mean": {
        "accuracy": 0.7525770644963522,
        "precision": 0.5224144570057719,
        "recall": 0.7946488294314381,
        "f1": 0.6302978520585724,
        "roc_auc": 0.8269360122242405
      },
      "cv_std": {
        "accuracy": 0.013682390511435778,
        "precision": 0.017327518087157347,
        "recall": 0.024080267558528413,
        "f1": 0.01863327938377472,
        "roc_auc": 0.010882774457917885
      },
      "test_metrics": {
        "accuracy": 0.7487579843860894,
        "precision": 0.5172413793103449,
        "recall": 0.8021390374331551,
        "f1": 0.6289308176100629,
        "roc_auc": 0.8232219897181534
      },
      "train_accuracy": 0.7838125665601704,
      "test_accuracy": 0.7487579843860894,
      "training_time": 11.697229623794556,
      "prediction_time": 4.258939266204834
    },
    {
      "name": "Neural Network (MLP)",
      "cv_mean": {
        "accuracy": 0.8026291526727303,
        "precision": 0.6578552339276426,
        "recall": 0.5357859531772575,
        "f1": 0.5902723861084622,
        "roc_auc": 0.8457885259756418
      },
      "cv_std": {
        "accuracy": 0.01108185732068973,
        "precision": 0.02894089163686193,
        "recall": 0.022525027746465184,
        "f1": 0.021351350036774283,
        "roc_auc": 0.01199421524071344
      },
      "test_metrics": {
        "accuracy": 0.7984386089425124,
        "precision": 0.6717557251908397,
        "recall": 0.47058823529411764,
        "f1": 0.5534591194968553,
        "roc_auc": 0.8418584825234443
      },
      "train_accuracy": 0.8246361377351793,
      "test_accuracy": 0.7984386089425124,
      "training_time": 3.8962011337280273,
      "prediction_time": 0.022377729415893555
    }
  ]
}